date,sym,close,volume
2026-09-01,AAPL,228.38,1400000
2026-09-01,MSFT,507.85,800000
2026-09-01,IBM,260.47,3900000
2026-09-02,AAPL,224.67,4200000
2026-09-02,MSFT,498.87,3700000
2026-09-02,IBM,257.50,1000000
2026-09-03,AAPL,224.07,900000
2026-09-03,MSFT,493.69,4000000
2026-09-03,IBM,256.72,5700000
2026-09-04,AAPL,224.66,1900000
2026-09-04,MSFT,496.27,4200000
2026-09-04,IBM,261.32,4100000
2026-09-07,AAPL,225.43,800000
2026-09-07,MSFT,505.72,700000
2026-09-07,IBM,261.91,1300000
2026-09-08,AAPL,223.53,1400000
2026-09-08,MSFT,506.54,4100000
2026-09-08,IBM,259.90,5700000
2026-09-09,AAPL,225.16,1100000
2026-09-09,MSFT,508.19,4500000
2026-09-09,IBM,256.66,1100000
2026-09-10,AAPL,225.59,900000
2026-09-10,MSFT,509.50,4400000
2026-09-10,IBM,253.64,4800000
2026-09-11,AAPL,225.88,5400000
2026-09-11,MSFT,505.71,4200000
2026-09-11,IBM,257.94,2800000
2026-09-14,AAPL,224.07,5500000
2026-09-14,MSFT,499.23,5400000
2026-09-14,IBM,255.30,4100000
2026-09-15,AAPL,222.28,3600000
2026-09-15,MSFT,506.72,5100000
2026-09-15,IBM,254.78,4300000
2026-09-16,AAPL,226.55,1200000
2026-09-16,MSFT,506.96,1500000
2026-09-16,IBM,257.40,1400000
2026-09-17,AAPL,230.48,3100000
2026-09-17,MSFT,497.62,4700000
2026-09-17,IBM,253.05,4000000
2026-09-18,AAPL,231.15,5700000
2026-09-18,MSFT,493.91,4900000
2026-09-18,IBM,251.53,3600000
2026-09-21,AAPL,231.89,3400000
2026-09-21,MSFT,485.39,1000000
2026-09-21,IBM,256.00,3500000
